id,name,code,category,manufacturer,supplier,unitCost,reorderLevel,safetyStock,unit,description,storageConditions
item_cftx_1g,Ceftriaxone Injection 1g,ABX-CFTX-01,Antibiotics,Roche Healthcare,Apollo MedSupply Co.,185,1200,800,Vial,"Broad-spectrum 3rd gen cephalosporin for severe respiratory, abdominal, and sepsis infections.","Store below 25°C, protect from light"
item_mero_1g,Meropenem IV 1g,ABX-MERO-02,Antibiotics,AstraZeneca Pharma,MedEx Logistics,850,400,250,Vial,Carbapenem antibiotic reserved for multi-drug resistant bacterial infections in ICU.,Store at 20°C - 25°C
item_piptaz_45,Piperacillin + Tazobactam 4.5g,ABX-PTAZ-03,Antibiotics,Pfizer Global,Apollo MedSupply Co.,460,600,350,Vial,Extended spectrum penicillin with beta-lactamase inhibitor for hospital-acquired pneumonia.,Store below 25°C
item_vanco_500,Vancomycin Hydrochloride 500mg,ABX-VANC-04,Antibiotics,Cipla Therapeutics,CityMed Distributors,310,300,150,Vial,Glycopeptide antibiotic indicated for MRSA and serious gram-positive infections.,Store below 25°C
item_amox_12,Amoxicillin + Clavulanic Acid 1.2g IV,ABX-AMOX-05,Antibiotics,GlaxoSmithKline,Apollo MedSupply Co.,140,800,500,Vial,Standard surgical prophylaxis and broad coverage beta-lactam.,Store below 25°C
item_epi_1mg,Epinephrine (Adrenaline) 1mg/ml,CC-EPIN-01,Critical Care,Sun Pharma,Emergency Health Care,42,500,300,Ampoule,"Life-saving vasopressor for cardiac arrest, anaphylaxis, and profound shock.",Store at 2°C - 8°C in amber ampoule
item_norepi_4mg,Norepinephrine 4mg/2ml,CC-NEPI-02,Critical Care,Hospira / Pfizer,Emergency Health Care,195,350,200,Ampoule,First-line inotropic vasopressor for septic shock resuscitation in ICU.,"Store below 25°C, protect from light"
item_dopa_200,Dopamine Hydrochloride 200mg/5ml,CC-DOPA-03,Critical Care,Neon Laboratories,MedEx Logistics,65,250,150,Ampoule,Inotropic agent for acute cardiogenic shock and hemodynamically significant hypotension.,Store below 30°C
item_atro_06,Atropine Sulfate 0.6mg/ml,CC-ATRO-04,Critical Care,Sun Pharma,CityMed Distributors,28,400,250,Ampoule,Anticholinergic for symptomatic bradycardia and organophosphate toxicity reversal.,Store below 25°C
item_pcm_1g,Paracetamol IV 1000mg Infusion,ANA-PCM-01,Analgesics,Baxter Healthcare,Apollo MedSupply Co.,75,1500,1000,Bottle,Intravenous antipyretic and non-opioid post-operative analgesic.,Store below 30°C
item_fent_100,Fentanyl Citrate 100mcg/2ml,ANA-FENT-02,Analgesics,Troikaa Pharma,Direct Central Depot,120,300,200,Ampoule,Schedule X potent synthetic opioid for surgical anesthesia and ventilator sedation.,"Controlled vault, locked custody"
item_midaz_5mg,Midazolam Injection 5mg/5ml,ANA-MID-03,Analgesics,Roche Healthcare,Direct Central Depot,55,400,250,Vial,Rapid-onset benzodiazepine for procedural conscious sedation and ICU intubation.,Store below 25°C
item_tram_100,Tramadol IV 100mg/2ml,ANA-TRAM-04,Analgesics,Cadila Pharma,CityMed Distributors,35,600,300,Ampoule,Centrally acting analgesic for moderate to moderately severe acute surgical pain.,Store below 30°C
item_ns_500,Normal Saline (0.9% NaCl) 500ml,IVF-NS-01,IV Fluids,B. Braun Medical,National IV Infusions Ltd.,26,3000,2000,Infusion Bag,Isotonic crystalloid fluid replacement and medication reconstitution vehicle.,Store at 15°C - 30°C
item_rl_500,Ringer Lactate Solution 500ml,IVF-RL-02,IV Fluids,Baxter Healthcare,National IV Infusions Ltd.,32,2500,1500,Infusion Bag,Balanced electrolyte solution for surgical fluid maintenance and burn trauma.,Store at 15°C - 30°C
item_d5_500,Dextrose 5% Solution 500ml,IVF-D5-03,IV Fluids,Fresenius Kabi,National IV Infusions Ltd.,29,1500,800,Infusion Bag,Isotonic sugar crystalloid for cellular dehydration and hypoglycemic maintenance.,Store at 15°C - 30°C
item_kcl_20,Potassium Chloride 20mEq Concentrate,IVF-KCL-04,IV Fluids,Fresenius Kabi,MedEx Logistics,45,500,300,Ampoule,High-alert electrolyte concentrate for intravenous dilution in hypokalemia.,High-alert storage with dilution warning label
item_iv_set,IV Infusion Administration Set (Vented),SURG-IVST-01,Consumables & Surgical,Becton Dickinson (BD),Surgical Direct Supplies,22,2000,1200,Set,Sterile gravity infusion set with 15 micron chamber filter and luer-lock connector.,"Keep dry, avoid moisture"
item_gloves_75,Surgical Sterile Gloves Size 7.5,SURG-GLV-02,Consumables & Surgical,Ansell Healthcare,Surgical Direct Supplies,58,4000,2500,Pair,Powder-free micro-textured latex surgical barrier gloves for sterile operating theatre.,Store in cool dry space away from ozone and UV
item_syr_10,Disposable Hypodermic Syringes 10ml,SURG-SYR-03,Consumables & Surgical,HMD Dispovan,Apollo MedSupply Co.,7,5000,3000,Unit,Medical grade polypropylene 3-part syringe with siliconized plunger.,Standard ambient
item_foley_16,Silicone Foley Catheter 2-Way 16Fr,SURG-FOL-04,Consumables & Surgical,Teleflex Medical,Surgical Direct Supplies,145,300,150,Unit,100% silicone indwelling urinary drainage catheter with 10ml retention balloon.,"Sterile packaging, store flat"
item_ett_75,Endotracheal Tube Cuffed 7.5mm,SURG-ETT-05,Consumables & Surgical,Medtronic Surgical,Emergency Health Care,165,250,120,Unit,Thermosensitive PVC endotracheal tube with high-volume low-pressure cuff.,Store below 35°C
item_stopcock_3w,3-Way Stopcock Luer-Lock,SURG-3WAY-06,Consumables & Surgical,B. Braun Medical,Surgical Direct Supplies,35,1000,600,Unit,Lipid-resistant polycarbonate 3-way manifold valve for simultaneous IV infusions.,Standard dry medical store
item_pacli_100,Paclitaxel Infusion 100mg/16.7ml,ONC-PACL-01,Oncology,Bristol-Myers Squibb,OncoMed Specialty Rx,3200,60,30,Vial,"Taxane antineoplastic chemotherapy agent for breast, lung, and ovarian malignancies.","Store at 20°C - 25°C, cytotoxic safety containment"
item_carbo_450,Carboplatin Injection 450mg/45ml,ONC-CARB-02,Oncology,Sanofi Oncology,OncoMed Specialty Rx,2750,50,25,Vial,Platinum-based DNA cross-linking chemotherapeutic agent for solid tumors.,"Cytotoxic biohazard storage, protect from light"
item_albu_20,Human Albumin Solution 20% 100ml,ONC-ALBU-03,Oncology,CSL Behring,Blood & Plasma Direct,4100,80,40,Vial,"Pasteurized plasma fraction for severe hypoalbuminemia, cirrhosis, and nephrotic edema.","Store at 2°C - 8°C, do not freeze"
item_blood_bag,Blood Bag CPDA-1 Triple 350ml,LAB-BLD-01,Laboratory & Reagents,Terumo Penpol,Blood & Plasma Direct,320,200,100,Set,Sterile closed blood collection system with citrate phosphate dextrose anticoagulant.,"Store clean dry, room temperature"
item_trop_i,Troponin-I Quantitative Rapid Reagent Kit,LAB-TROP-02,Laboratory & Reagents,Abbott Diagnostics,BioLab Instruments,550,150,75,Kit (25 Tests),High-sensitivity cardiac biomarker assay for acute myocardial infarction triage.,"Store at 2°C - 8°C, refrigerated testing fridge"
item_covid_ag,SARS-CoV-2 Rapid Antigen Cassette Kit,LAB-COV-03,Laboratory & Reagents,SD Biosensor,BioLab Instruments,180,300,150,Box of 25,Immunochromatographic lateral flow detection for respiratory viral triage.,Store at 2°C - 30°C
item_edta_tube,Vacutainer EDTA K2 Tubes 3ml,LAB-EDTA-04,Laboratory & Reagents,Becton Dickinson (BD),BioLab Instruments,14,1500,800,Tube,Whole blood hematology vacuum phlebotomy tube for CBC and blood grouping.,Standard ambient